date,weekday,trips,avg_trip_duration,awnd_mph,prcp,snow,snw_dpth,tavg,tmin,tmax,wdf2,wdf5,wsf2,wsf5
2016-01-01,Friday   ,149,590.70,12.75,0,0,0,41,34,43,270,280,25.9,35.1
2016-01-02,Saturday ,175,726.04,9.4,0,0,0,36,30,42,260,260,21,25.1
2016-01-03,Sunday   ,209,710.20,10.29,0,0,0,37,28,47,270,250,23.9,30
2016-01-04,Monday   ,274,437.96,17.22,0,0,0,32,14,35,330,330,25.9,33.1
2016-01-05,Tuesday  ,266,379.61,9.84,0,0,0,19,10,31,360,350,25.1,31.1
2016-01-06,Wednesday,344,448.71,5.37,0,0,0,28,15,42,230,250,12.1,16.1
2016-01-07,Thursday ,436,455.77,3.36,0,0,0,35,24,46,20,360,8.9,10.1
2016-01-08,Friday   ,418,457.59,8.05,0,0,0,38,31,45,20,30,14.1,16.1
2016-01-09,Saturday ,268,495.83,6.71,0.01,0,0,44,38,48,60,70,13,17
2016-01-10,Sunday   ,194,640.79,15.43,1.77,0,0,53,39,65,260,270,36,42.9
2016-01-11,Monday   ,332,1259.52,16.33,0,0,0,36,24,39,270,290,31.1,45
2016-01-12,Tuesday  ,366,438.42,8.72,0.01,0,0,31,22,44,270,240,35.1,42.9
2016-01-13,Wednesday,322,453.55,18.12,0,0,0,27,22,31,270,260,31.1,44.1
2016-01-14,Thursday ,340,472.66,8.05,0,0,0,28,23,39,250,250,21,25.9
2016-01-15,Friday   ,400,483.11,3.8,0,0,0,38,29,49,160,160,10.1,15
2016-01-16,Saturday ,258,1450.79,11.63,0.26,0,0,47,42,55,280,310,21.9,28
2016-01-17,Sunday   ,159,501.37,9.4,0.07,0.7,0,38,29,42,320,340,18.1,23
2016-01-18,Monday   ,152,456.26,17.22,0.03,0.5,1.2,27,18,30,290,280,29.1,38
2016-01-19,Tuesday  ,268,648.31,19.01,0,0,0,21,16,31,290,280,29.1,40
2016-01-20,Wednesday,366,430.59,9.4,0,0,0,31,27,39,300,290,21.9,31.1
2016-01-21,Thursday ,344,400.49,13.42,0,0,0,32,26,38,330,290,23,31.1
2016-01-22,Friday   ,292,658.24,10.29,0.03,0.3,0,26,20,30,350,330,21.9,29.1
2016-01-27,Wednesday,93,561.02,9.62,0.01,0,14.2,42,32,45,280,270,21.9,29.1
2016-01-28,Thursday ,203,950.35,4.03,0,0,9.8,34,24,42,240,240,14.1,18.1
2016-01-29,Friday   ,224,448.78,10.29,0,0,9.1,36,30,41,300,290,23.9,35.1
2016-01-30,Saturday ,141,460.09,8.28,0,0,7.9,32,25,39,310,300,23,30
2016-01-31,Sunday   ,184,634.04,4.92,0,0,7.1,39,30,54,200,210,12.1,15
2016-02-01,Monday   ,346,511.41,8.05,0.02,0,3.9,45,36,58,360,310,18.1,23
2016-02-02,Tuesday  ,403,420.28,3.8,0,0,1.2,43,32,51,350,,11,
2016-02-03,Wednesday,261,577.53,6.49,0.61,0,0,48,39,58,170,160,19.9,30
2016-02-04,Thursday ,370,442.32,9.4,0.01,0,0,54,42,56,330,320,23,31.1
2016-02-05,Friday   ,176,609.44,12.53,0.48,2.8,1.2,38,31,43,290,310,25.9,31.1
2016-02-06,Saturday ,214,585.62,7.16,0,0,1.2,33,25,41,200,200,15,18.1
2016-02-07,Sunday   ,215,635.13,4.7,0,0,0,37,28,47,30,30,19.9,25.1
2016-02-08,Monday   ,296,434.18,12.75,0.02,0.2,0,37,29,40,30,30,21.9,25.9
2016-02-09,Tuesday  ,294,451.02,6.04,0.02,0.2,0,31,27,36,10,20,15,21
2016-02-10,Wednesday,301,448.62,11.63,0.02,0.3,0,35,31,42,240,250,23,29.1
2016-02-11,Thursday ,264,410.66,19.91,0,0.2,0,27,19,31,270,290,32,38.9
2016-02-12,Friday   ,238,26763.54,9.17,0,0,0,21,15,27,280,290,21.9,31.1
2016-02-13,Saturday ,61,437.54,19.69,0,0,0,21,7,24,280,280,36.9,46.1
2016-02-14,Sunday   ,58,381.52,11.63,0,0,0,8,0,18,300,320,29.1,35.1
2016-02-15,Monday   ,88,558.23,6.93,0.42,1.5,0,18,10,33,20,360,14.1,17
2016-02-16,Tuesday  ,222,859.13,10.51,0.99,0,1.2,43,33,55,260,230,28,33.1
2016-02-17,Wednesday,346,1291.53,9.62,0,0,0,39,32,41,280,290,18.1,25.1
2016-02-18,Thursday ,334,580.86,13.42,0,0,0,33,27,38,350,310,21.9,28
2016-02-19,Friday   ,329,524.77,6.93,0,0,0,29,19,38,140,140,15,21.9
2016-02-20,Saturday ,315,974.49,11.86,0,0,0,47,38,64,230,230,23,28
2016-02-21,Sunday   ,263,651.00,5.59,0.08,0,0,51,38,56,360,350,15,18.1
2016-02-22,Monday   ,410,517.77,6.93,0,0,0,45,35,54,30,30,15,18.1
2016-02-23,Tuesday  ,295,438.98,12.75,0.27,0,0,39,34,42,40,50,21,29.1
2016-02-24,Wednesday,170,396.82,11.41,1.02,0,0,42,36,63,160,160,29.1,51
2016-02-25,Thursday ,366,549.37,18.57,0.05,0,0,54,35,64,250,240,33.1,40
2016-02-26,Friday   ,342,469.69,17.9,0,0,0,36,28,39,310,310,30,38
2016-02-27,Saturday ,223,612.45,9.62,0,0,0,33,24,43,230,250,19.9,25.1
2016-02-28,Sunday   ,328,893.38,12.3,0,0,0,45,35,62,210,200,23,30
2016-02-29,Monday   ,392,471.17,13.65,0.03,0,0,51,42,62,250,280,28,35.1
2016-03-01,Tuesday  ,430,460.10,9.4,0,0,0,45,39,53,130,140,17,21.9
2016-03-02,Wednesday,355,555.57,19.01,0.12,0,0,47,29,57,270,270,36.9,45
2016-03-03,Thursday ,357,1455.71,9.4,0,0,0,32,26,38,310,300,19.9,25.9
2016-03-04,Friday   ,237,415.36,11.18,0.12,1.4,1.2,33,29,40,350,350,21.9,28
2016-03-05,Saturday ,240,496.15,5.82,0,0,0,35,28,43,350,350,17,21.9
2016-03-06,Sunday   ,218,935.80,4.92,0,0,0,36,27,47,30,20,15,18.1
2016-03-07,Monday   ,422,616.01,10.51,0,0,0,43,31,63,240,230,23.9,30
2016-03-08,Tuesday  ,492,470.98,3.8,0,0,0,54,45,65,140,110,13,18.1
2016-03-09,Wednesday,557,626.01,6.93,0,0,0,58,42,82,230,250,19.9,25.1
2016-03-10,Thursday ,570,615.69,8.5,0,0,0,70,59,81,240,240,21.9,25.9
2016-03-11,Friday   ,493,499.78,11.41,0.03,0,0,64,48,69,320,340,23,29.1
2016-03-12,Saturday ,367,1280.56,8.05,0,0,0,50,38,60,220,200,19.9,25.9
2016-03-13,Sunday   ,319,705.99,6.49,0,0,0,56,49,62,20,50,15,18.1
2016-03-14,Monday   ,208,645.26,14.32,0.52,0,0,48,41,52,40,40,23.9,32
2016-03-15,Tuesday  ,497,475.29,9.4,0,0,0,48,45,57,40,40,23.9,31.1
2016-03-16,Wednesday,516,539.06,3.58,0.03,0,0,54,46,64,140,130,13,17
2016-03-17,Thursday ,541,608.12,7.83,0,0,0,53,44,66,320,310,35.1,44.1
2016-03-18,Friday   ,500,502.07,14.76,0,0,0,52,41,62,300,340,29.1,36.9
2016-03-19,Saturday ,316,616.43,6.71,0,0,0,43,35,47,30,20,21,25.1
2016-03-20,Sunday   ,237,575.30,10.96,0.07,0.2,0,39,33,44,30,40,19.9,21.9
2016-03-21,Monday   ,406,481.92,14.32,0,0,0,40,33,53,320,310,30,38
2016-03-22,Tuesday  ,483,34348.63,12.08,0,0,0,44,34,58,240,260,21.9,31.1
2016-03-23,Wednesday,552,496.05,10.29,0,0,0,57,45,74,250,260,21,25.9
2016-03-24,Thursday ,530,503.47,9.62,0,0,0,52,44,56,30,120,18.1,23
2016-03-25,Friday   ,433,545.41,11.41,0.11,0,0,57,46,74,280,330,23.9,29.1
2016-03-26,Saturday ,320,713.75,9.17,0,0,0,47,38,54,340,340,19.9,23
2016-03-27,Sunday   ,240,953.40,6.93,0,0,0,46,44,51,160,130,14.1,18.1
2016-03-28,Monday   ,297,676.76,15.21,0.38,0,0,48,43,65,270,270,40,57.9
2016-03-29,Tuesday  ,426,472.02,21.03,0,0,0,51,40,56,310,340,32,46.1
2016-03-30,Wednesday,503,465.69,8.5,0,0,0,45,33,55,180,180,19.9,25.9
2016-03-31,Thursday ,559,490.98,13.87,0,0,0,58,46,74,210,200,30,38
2016-04-01,Friday   ,495,516.02,13.42,0,0,0,70,62,80,280,290,29.1,38.9
2016-04-02,Saturday ,281,785.45,9.84,0.16,0,0,58,42,64,270,280,33.1,40
2016-04-03,Sunday   ,189,409.14,19.91,0.03,0,0,43,35,45,310,310,40.9,55
2016-04-04,Monday   ,252,382.32,10.51,0.44,0,0,41,30,44,10,10,23,29.1
2016-04-05,Tuesday  ,415,421.32,16.33,0,0,0,34,26,44,360,360,28,33.1
2016-04-06,Wednesday,458,561.09,8.5,0,0,0,38,27,49,160,160,21.9,31.1
2016-04-07,Thursday ,470,442.38,12.53,0.09,0,0,53,46,61,260,260,30,38
2016-04-08,Friday   ,453,422.91,14.09,0,0,0,48,38,50,250,240,29.1,36
2016-04-09,Saturday ,193,483.76,10.74,0.09,0,0,40,32,44,320,320,23.9,29.1
2016-04-10,Sunday   ,243,624.91,11.18,0,0,0,40,31,52,330,310,23.9,30
2016-04-11,Monday   ,497,509.21,10.29,0.01,0,0,51,42,68,200,190,25.9,33.1
2016-04-12,Tuesday  ,428,605.81,12.3,0.13,0,0,56,44,61,320,330,23.9,35.1
2016-04-13,Wednesday,587,450.84,7.38,0,0,0,48,39,58,360,360,17,21.9
2016-04-14,Thursday ,584,518.38,7.16,0,0,0,50,41,62,30,360,14.1,18.1
2016-04-15,Friday   ,574,500.16,4.7,0,0,0,51,39,65,160,90,12.1,14.1
2016-04-16,Saturday ,418,860.69,6.93,0,0,0,54,41,68,20,360,16.1,23.9
2016-04-17,Sunday   ,419,986.95,3.8,0,0,0,56,42,73,150,150,13,15
2016-04-18,Monday   ,646,611.86,6.49,0,0,0,64,47,81,140,40,15,19.9
2016-04-19,Tuesday  ,662,537.91,14.32,0,0,0,67,54,74,350,350,28,36
2016-04-20,Wednesday,640,513.89,9.84,0,0,0,60,50,69,340,350,18.1,28
2016-04-21,Thursday ,684,594.28,11.86,0,0,0,60,44,77,230,200,21,29.1
2016-04-22,Friday   ,670,537.08,8.5,0,0,0,71,61,83,240,260,18.1,23
2016-04-23,Saturday ,398,681.21,12.75,0.04,0,0,67,54,73,340,300,23,31.1
2016-04-24,Sunday   ,428,672.88,8.28,0,0,0,58,45,72,10,360,19.9,23.9
2016-04-25,Monday   ,666,537.20,5.37,0,0,0,58,48,68,90,110,13,16.1
2016-04-26,Tuesday  ,600,512.98,8.05,0.1,0,0,58,46,68,290,310,25.9,32
2016-04-27,Wednesday,650,518.90,8.05,0,0,0,51,46,67,230,230,16.1,21
2016-04-28,Thursday ,608,3732.32,6.71,0,0,0,52,47,58,30,30,15,18.1
2016-04-29,Friday   ,532,467.85,7.83,0.03,0,0,51,47,57,110,120,15,21
2016-04-30,Saturday ,453,914.51,7.16,0,0,0,52,44,63,160,140,13,21
2016-05-01,Sunday   ,176,511.78,6.93,0.21,0,0,49,43,51,130,160,14.1,18.1
2016-05-02,Monday   ,582,608.59,4.47,0.14,0,0,50,45,61,350,360,12.1,13
2016-05-03,Tuesday  ,419,455.05,6.49,0.59,0,0,54,51,55,40,40,14.1,16.1
2016-05-04,Wednesday,563,465.81,9.62,0.01,0,0,52,49,58,40,40,18.1,23.9
2016-05-05,Thursday ,617,452.81,12.97,0,0,0,51,46,59,30,30,18.1,23.9
2016-05-06,Friday   ,331,1030.17,10.51,0.62,0,0,52,49,54,30,90,19.9,28
2016-05-07,Saturday ,391,791.18,5.14,0.1,0,0,52,48,59,50,100,12.1,16.1
2016-05-08,Sunday   ,357,1053.79,10.29,0.11,0,0,56,47,68,310,300,30,40
2016-05-09,Monday   ,706,552.85,12.75,0,0,0,61,45,75,260,250,29.1,38
2016-05-10,Tuesday  ,667,761.48,8.72,0,0,0,57,46,62,240,250,18.1,23
2016-05-11,Wednesday,713,582.27,6.04,0,0,0,61,49,74,240,240,16.1,19.9
2016-05-12,Thursday ,779,531.60,5.37,0,0,0,67,54,77,110,100,14.1,18.1
2016-05-13,Friday   ,527,661.24,4.25,0.29,0,0,62,58,66,260,250,12.1,15
2016-05-14,Saturday ,542,815.09,9.62,0,0,0,66,56,76,260,260,32,44.1
2016-05-15,Sunday   ,357,650.84,16.11,0,0,0,54,44,59,270,270,38,48.1
2016-05-16,Monday   ,675,584.11,15.43,0,0,0,52,40,69,260,270,30,40.9
2016-05-17,Tuesday  ,685,547.99,9.4,0,0,0,59,52,66,220,260,18.1,25.1
2016-05-18,Wednesday,665,538.81,7.16,0,0,0,57,50,67,150,30,15,23
2016-05-19,Thursday ,750,559.44,3.8,0,0,0,61,54,72,120,130,14.1,19.9
2016-05-20,Friday   ,681,874.44,5.59,0,0,0,64,52,76,330,330,13,18.1
2016-05-21,Saturday ,358,640.55,4.7,0.08,0,0,62,54,64,140,110,14.1,18.1
2016-05-22,Sunday   ,452,773.13,6.49,0.04,0,0,60,52,70,150,360,12.1,15
2016-05-23,Monday   ,755,513.68,5.82,0.01,0,0,65,53,76,140,130,14.1,18.1
2016-05-24,Tuesday  ,656,564.45,4.7,0.05,0,0,65,58,77,40,260,13,19.9
2016-05-25,Wednesday,820,728.57,8.05,0,0,0,74,57,91,240,260,19.9,23.9
2016-05-26,Thursday ,775,604.43,6.93,0,0,0,80,64,93,160,260,17,23.9
2016-05-27,Friday   ,703,566.80,7.38,0,0,0,79,70,89,140,150,16.1,21.9
2016-05-28,Saturday ,452,701.47,10.51,0,0,0,82,71,96,240,240,19.9,25.9
2016-05-29,Sunday   ,398,1049.50,8.28,0.03,0,0,80,69,88,140,110,16.1,21
2016-05-30,Monday   ,422,914.15,6.49,1.57,0,0,75,69,83,220,230,16.1,21
2016-05-31,Tuesday  ,788,570.82,6.04,0,0,0,77,71,85,160,150,10.1,16.1
2016-06-01,Wednesday,807,554.77,7.16,0,0,0,76,67,84,140,140,15,19.9
2016-06-02,Thursday ,799,711.94,6.71,0,0,0,68,63,72,150,160,13,17
2016-06-03,Friday   ,588,522.04,4.25,0.03,0,0,65,63,70,160,150,8.1,10.1
2016-06-04,Saturday ,465,794.52,5.59,0.01,0,0,72,65,85,130,160,15,18.1
2016-06-05,Sunday   ,370,1944.10,6.93,0.94,0,0,69,66,74,300,300,32,45
2016-06-06,Monday   ,765,692.45,11.63,0,0,0,74,66,86,250,280,23,32
2016-06-07,Tuesday  ,824,639.64,11.41,0.14,0,0,77,64,87,280,310,28,33.1
2016-06-08,Wednesday,681,590.45,12.53,0.51,0,0,63,54,69,300,290,28,35.1
2016-06-09,Thursday ,776,564.82,15.21,0,0,0,63,53,75,280,290,29.1,36.9
2016-06-10,Friday   ,793,673.63,11.63,0,0,0,67,56,80,340,310,23,31.1
2016-06-11,Saturday ,511,788.61,10.07,0,0,0,72,55,91,250,230,23,31.1
2016-06-12,Sunday   ,508,818.24,19.91,0,0,0,82,63,88,300,300,32,40.9
2016-06-13,Monday   ,780,555.79,15.43,0,0,0,67,57,76,330,330,28,35.1
2016-06-14,Tuesday  ,813,589.50,10.51,0,0,0,69,59,82,300,300,17,25.9
2016-06-15,Wednesday,831,567.14,6.93,0,0,0,75,59,87,230,240,16.1,21
2016-06-16,Thursday ,759,570.89,4.47,0,0,0,73,67,77,230,220,12.1,13
2016-06-17,Friday   ,829,653.03,7.83,0,0,0,71,63,79,130,130,17,23.9
2016-06-18,Saturday ,524,786.25,5.59,0,0,0,72,58,86,150,160,14.1,18.1
2016-06-19,Sunday   ,568,1170.42,6.71,0,0,0,75,63,88,110,110,16.1,21.9
2016-06-20,Monday   ,857,598.27,6.49,0,0,0,74,65,85,230,230,17,23
2016-06-21,Tuesday  ,853,614.04,10.74,0,0,0,82,73,91,310,310,25.1,32
2016-06-22,Wednesday,913,576.09,8.28,0,0,0,79,67,90,310,310,29.1,35.1
2016-06-23,Thursday ,889,643.37,4.47,0,0,0,76,69,83,150,280,10.1,14.1
2016-06-24,Friday   ,888,665.42,8.28,0,0,0,75,68,83,110,140,18.1,23.9
2016-06-25,Saturday ,633,817.58,7.38,0,0,0,73,64,82,130,150,15,19.9
2016-06-26,Sunday   ,551,774.13,7.38,0,0,0,75,65,86,150,140,16.1,21.9
2016-06-27,Monday   ,782,640.98,9.17,0.37,0,0,75,64,87,190,170,16.1,21.9
2016-06-28,Tuesday  ,808,539.37,5.82,0.39,0,0,73,69,78,310,280,19.9,25.9
2016-06-29,Wednesday,859,573.26,8.28,0.01,0,0,75,68,87,270,270,18.1,21.9
2016-06-30,Thursday ,818,847.33,7.16,0,0,0,77,67,88,260,270,17,21.9
2016-07-01,Friday   ,676,560.21,7.38,0.2,0,0,75,70,80,180,180,23,29.1
2016-07-02,Saturday ,478,847.24,13.42,0,0,0,73,66,80,310,300,21.9,31.1
2016-07-03,Sunday   ,450,1027.81,7.38,0,0,0,74,63,83,230,230,18.1,23
2016-07-04,Monday   ,495,867.65,8.28,0.46,0,0,74,62,84,200,200,21.9,25.9
2016-07-05,Tuesday  ,776,647.19,7.16,0.17,0,0,77,70,89,270,280,17,23
2016-07-06,Wednesday,832,542.75,5.14,0,0,0,84,74,95,250,240,16.1,19.9
2016-07-07,Thursday ,824,635.05,7.61,0.01,0,0,85,77,95,240,240,23.9,33.1
2016-07-08,Friday   ,754,568.42,9.62,0.05,0,0,81,69,90,130,140,17,21.9
2016-07-09,Saturday ,523,796.71,7.61,0.49,0,0,69,66,71,30,90,14.1,18.1
2016-07-10,Sunday   ,596,917.83,9.17,0,0,0,74,67,84,300,290,19.9,25.9
2016-07-11,Monday   ,786,622.37,6.71,0,0,0,74,65,84,20,300,14.1,21.9
2016-07-12,Tuesday  ,918,643.09,7.38,0,0,0,75,67,84,160,160,18.1,23.9
2016-07-13,Wednesday,889,605.34,6.71,0,0,0,78,69,88,190,210,8.9,16.1
2016-07-14,Thursday ,858,633.19,6.49,0.12,0,0,81,76,91,280,290,36,46.1
2016-07-15,Friday   ,784,657.01,9.4,0,0,0,86,78,94,230,260,18.1,23
2016-07-16,Saturday ,537,761.96,6.93,0.57,0,0,82,75,91,180,140,18.1,25.9
2016-07-17,Sunday   ,573,773.53,6.04,0,0,0,81,73,93,260,260,18.1,21
2016-07-18,Monday   ,725,568.41,10.96,0.23,0,0,83,72,95,240,240,48.1,66
2016-07-19,Tuesday  ,824,601.28,11.86,0,0,0,79,72,85,330,290,21,28
2016-07-20,Wednesday,883,613.52,7.61,0,0,0,76,66,86,250,240,13,17
2016-07-21,Thursday ,884,564.07,9.62,0,0,0,80,69,92,210,230,23,27.1
2016-07-22,Friday   ,838,719.28,14.76,0,0,0,84,73,97,230,220,23,29.1
2016-07-23,Saturday ,604,654.46,11.63,0,0,0,89,80,98,270,260,23,29.1
2016-07-24,Sunday   ,594,735.35,8.05,0,0,0,87,73,96,250,260,18.1,25.1
2016-07-25,Monday   ,649,530.17,9.17,1.84,0,0,84,73,99,90,90,29.1,47
2016-07-26,Tuesday  ,935,569.81,10.51,0,0,0,81,72,93,300,300,21,28
2016-07-27,Wednesday,933,545.68,6.26,0,0,0,84,73,93,190,280,14.1,21.9
2016-07-28,Thursday ,851,523.10,6.49,0,0,0,83,75,93,220,220,21,29.1
2016-07-29,Friday   ,700,575.84,8.95,0.87,0,0,77,70,86,30,50,17,21.9
2016-07-30,Saturday ,510,663.49,5.82,0.36,0,0,78,73,86,160,160,16.1,19.9
2016-07-31,Sunday   ,566,816.15,7.83,0.71,0,0,76,72,80,100,90,14.1,19.9
2016-08-01,Monday   ,945,560.89,6.71,0,0,0,74,71,79,60,70,13,17
2016-08-02,Tuesday  ,1045,724.53,6.93,0,0,0,74,67,80,40,40,14.1,17
2016-08-03,Wednesday,1140,645.86,6.71,0,0,0,73,65,80,160,150,15,19.9
2016-08-04,Thursday ,1167,588.64,6.49,0,0,0,74,64,81,160,150,13,18.1
2016-08-05,Friday   ,1129,740.27,8.5,0,0,0,75,67,84,200,210,16.1,21.9
2016-08-06,Saturday ,711,798.10,9.4,0.09,0,0,79,72,91,300,300,25.1,32
2016-08-07,Sunday   ,701,830.72,8.5,0,0,0,81,71,89,270,320,18.1,23
2016-08-08,Monday   ,1069,537.76,6.26,0,0,0,80,69,87,330,320,13,16.1
2016-08-09,Tuesday  ,1178,597.99,7.38,0,0,0,79,68,87,150,140,16.1,21.9
2016-08-10,Wednesday,1076,575.01,10.07,0.11,0,0,81,75,90,220,230,21,25.1
2016-08-11,Thursday ,1015,584.85,10.07,0.11,0,0,86,75,96,300,310,21,28
2016-08-12,Friday   ,1007,772.68,10.74,0.17,0,0,84,74,97,250,250,32,46.1
2016-08-13,Saturday ,606,654.60,8.5,0,0,0,87,79,98,230,230,18.1,25.1
2016-08-14,Sunday   ,642,624.76,10.74,0,0,0,89,80,97,270,280,31.1,38
2016-08-15,Monday   ,1137,559.29,7.16,0,0,0,85,77,94,290,300,14.1,19
2016-08-16,Tuesday  ,1007,500.87,10.51,0.01,0,0,85,77,93,260,250,28,36.9
2016-08-17,Wednesday,1159,624.49,10.74,0.2,0,0,82,76,88,250,250,36,45
2016-08-18,Thursday ,1104,539.32,5.59,0.1,0,0,80,73,87,260,260,15,19.9
2016-08-19,Friday   ,1033,738.71,6.93,0,0,0,81,74,90,20,360,17,21
2016-08-20,Saturday ,733,738.23,7.61,0,0,0,80,72,87,140,130,17,23
2016-08-21,Sunday   ,522,910.32,9.17,0.13,0,0,80,74,87,130,140,18.1,25.1
2016-08-22,Monday   ,1076,630.35,13.87,0,0,0,76,67,81,320,320,23.9,36
2016-08-23,Tuesday  ,1081,505.69,6.26,0,0,0,73,59,84,260,270,15,19.9
2016-08-24,Wednesday,1117,511.18,7.38,0,0,0,76,63,90,210,260,15,19.9
2016-08-25,Thursday ,1116,494.20,10.07,0.01,0,0,78,67,88,260,180,18.1,23.9
2016-08-26,Friday   ,1176,561.58,11.41,0,0,0,83,75,95,350,310,21.9,29.1
2016-08-27,Saturday ,839,673.97,7.16,0,0,0,80,71,88,140,140,15,19.9
2016-08-28,Sunday   ,820,750.34,6.71,0,0,0,79,72,87,200,160,15,19.9
2016-08-29,Monday   ,1085,641.18,10.96,0,0,0,81,72,93,330,310,19.9,28
2016-08-30,Tuesday  ,1160,528.69,7.83,0,0,0,77,68,85,10,150,14.1,19
2016-08-31,Wednesday,1121,513.35,7.61,0,0,0,79,74,92,290,280,15,18.1
2016-09-01,Thursday ,873,485.66,6.71,0.21,0,0,75,66,81,340,310,17,23.9
2016-09-02,Friday   ,1104,586.13,10.74,0,0,0,73,65,82,360,350,17,25.1
2016-09-03,Saturday ,635,2568.98,10.96,0,0,0,71,65,77,30,30,21,30
2016-09-04,Sunday   ,657,929.25,10.51,0,0,0,71,62,82,40,40,18.1,23.9
2016-09-05,Monday   ,693,803.82,14.32,0,0,0,73,58,86,340,340,25.9,33.1
2016-09-06,Tuesday  ,1164,579.20,19.69,0,0,0,78,69,82,10,360,29.1,36
2016-09-07,Wednesday,1225,570.77,11.86,0,0,0,76,69,87,20,20,21.9,27.1
2016-09-08,Thursday ,1195,520.95,6.04,0,0,0,80,71,92,240,240,14.1,19
2016-09-09,Friday   ,1180,499.11,7.38,0,0,0,87,78,93,350,360,14.1,17
2016-09-10,Saturday ,835,682.03,7.61,0.01,0,0,83,76,92,200,230,18.1,25.9
2016-09-11,Sunday   ,751,2607.47,13.42,0,0,0,81,66,86,330,300,25.9,33.1
2016-09-12,Monday   ,1181,785.28,6.71,0,0,0,69,57,78,150,150,13,17
2016-09-13,Tuesday  ,1328,516.11,7.61,0,0,0,71,60,84,200,200,19.9,23
2016-09-14,Wednesday,1178,1036.29,10.96,0,0,0,77,66,94,320,320,36,50.1
2016-09-15,Thursday ,1279,523.89,9.62,0,0,0,69,60,75,30,30,23,29.1
2016-09-16,Friday   ,1254,546.09,6.04,0,0,0,67,57,73,170,170,14.1,18.1
2016-09-17,Saturday ,835,686.68,7.61,0,0,0,68,59,77,140,110,17,21.9
2016-09-18,Sunday   ,816,735.12,8.95,0,0,0,75,68,87,230,200,17,23
2016-09-19,Monday   ,676,517.86,4.92,1.03,0,0,74,70,76,280,190,13,17
2016-09-20,Tuesday  ,1234,563.79,5.14,0,0,0,75,69,84,350,340,13,17
2016-09-21,Wednesday,1205,527.08,7.61,0,0,0,76,67,86,20,10,17,19.9
2016-09-22,Thursday ,1283,511.76,5.59,0,0,0,73,61,84,170,170,12.1,17
2016-09-23,Friday   ,1252,533.02,5.37,0.01,0,0,75,60,90,10,10,23,25.9
2016-09-24,Saturday ,852,937.71,11.41,0.44,0,0,68,58,72,20,30,21.9,25.9
2016-09-25,Sunday   ,853,706.22,6.49,0,0,0,62,52,71,320,310,15,21.9
2016-09-26,Monday   ,1214,653.02,8.95,0,0,0,63,51,73,140,140,18.1,25.1
2016-09-27,Tuesday  ,1201,527.53,5.82,0.12,0,0,69,62,76,230,230,14.1,21
2016-09-28,Wednesday,1177,758.46,12.3,0,0,0,65,56,73,30,80,19.9,25.9
2016-09-29,Thursday ,1114,478.75,14.32,0.04,0,0,61,58,65,50,50,23,30
2016-09-30,Friday   ,466,451.31,16.33,0.31,0,0,59,56,60,30,30,23.9,31.1
2016-10-01,Saturday ,672,518.53,11.41,0,0,0,59,56,63,30,40,16.1,23
2016-10-02,Sunday   ,686,576.20,5.59,0,0,0,60,57,65,40,40,13,16.1
2016-10-03,Monday   ,1090,567.20,4.92,0,0,0,65,60,74,290,300,12.1,19
2016-10-04,Tuesday  ,1188,530.34,10.29,0,0,0,65,61,71,40,40,18.1,23
2016-10-05,Wednesday,1219,510.39,7.16,0,0,0,61,52,68,20,40,15,18.1
2016-10-06,Thursday ,1136,478.64,5.14,0,0,0,62,51,75,160,160,8.9,12.1
2016-10-07,Friday   ,1113,664.45,4.47,0,0,0,63,53,74,160,140,13,17
2016-10-08,Saturday ,577,586.89,5.37,0.17,0,0,63,55,69,320,320,14.1,17
2016-10-09,Sunday   ,355,513.23,17,0.48,0,0,60,52,66,360,340,29.1,35.1
2016-10-10,Monday   ,963,672.83,12.97,0,0,0,56,47,66,350,350,23,30
2016-10-11,Tuesday  ,1082,459.07,5.37,0,0,0,53,43,64,140,140,13,15
2016-10-12,Wednesday,1230,640.19,4.47,0,0,0,58,47,67,140,150,10.1,15
2016-10-13,Thursday ,1128,468.16,7.83,0.01,0,0,60,52,68,330,340,21.9,27.1
2016-10-14,Friday   ,1098,519.51,8.05,0,0,0,56,46,64,330,340,16.1,21
2016-10-15,Saturday ,818,693.29,6.71,0,0,0,53,42,64,140,150,14.1,17
2016-10-16,Sunday   ,681,762.04,8.5,0,0,0,58,45,73,240,240,17,21.9
2016-10-17,Monday   ,1161,529.07,6.49,0,0,0,70,60,83,260,260,15,19.9
2016-10-18,Tuesday  ,1187,616.70,9.62,0,0,0,72,62,85,210,200,21.9,28
2016-10-19,Wednesday,1165,483.14,9.84,0,0,0,76,64,87,350,310,18.1,23.9
2016-10-20,Thursday ,1156,566.21,9.4,0,0,0,67,60,71,100,100,16.1,23
2016-10-21,Friday   ,766,531.63,4.47,0.22,0,0,68,58,71,310,300,21,25.9
2016-10-22,Saturday ,420,470.65,16.11,0.55,0,0,54,47,58,280,290,35.1,42.9
2016-10-23,Sunday   ,590,592.66,14.32,0,0,0,53,44,65,280,280,30,40
2016-10-24,Monday   ,1062,435.21,12.75,0,0,0,57,47,66,300,300,28,34
2016-10-25,Tuesday  ,962,530.05,11.63,0,0,0,49,42,54,320,300,23.9,31.1
2016-10-26,Wednesday,926,438.42,10.96,0,0,0,45,37,52,310,330,21,25.9
2016-10-27,Thursday ,489,404.74,8.05,0.65,0,0,45,42,56,90,80,15,21
2016-10-28,Friday   ,846,419.00,13.87,0,0,0,48,42,51,300,320,32,40.9
2016-10-29,Saturday ,586,607.12,8.95,0,0,0,49,37,66,230,230,19.9,27.1
2016-10-30,Sunday   ,513,778.80,9.4,0.92,0,0,65,54,78,330,340,38,53
2016-10-31,Monday   ,961,683.18,10.96,0,0,0,52,43,57,320,330,23,31.1
2016-11-01,Tuesday  ,978,578.46,7.38,0,0,0,48,37,60,140,250,13,18.1
2016-11-02,Wednesday,1049,486.68,8.05,0,0,0,59,51,73,250,240,16.1,19.9
2016-11-03,Thursday ,940,494.57,11.63,0,0,0,63,57,74,340,340,23.9,32
2016-11-04,Friday   ,951,534.04,11.63,0,0,0,58,47,62,320,320,21.9,27.1
2016-11-05,Saturday ,698,629.02,8.5,0,0,0,52,40,65,320,320,21,25.1
2016-11-06,Sunday   ,616,735.72,13.2,0,0,0,54,43,60,330,320,23.9,30
2016-11-07,Monday   ,867,434.31,7.61,0,0,0,47,36,56,10,10,17,21.9
2016-11-08,Tuesday  ,949,498.24,4.03,0,0,0,51,38,69,260,290,12.1,17
2016-11-09,Wednesday,704,441.69,7.83,0.2,0,0,55,48,58,340,330,23.9,29.1
2016-11-10,Thursday ,893,432.23,10.96,0,0,0,49,41,58,330,330,25.1,31.1
2016-11-11,Friday   ,776,463.31,17.22,0,0,0,53,42,64,330,320,35.1,40.9
2016-11-12,Saturday ,531,599.60,9.84,0,0,0,44,37,53,320,340,21.9,27.1
2016-11-13,Sunday   ,572,566.58,9.17,0,0,0,46,34,63,230,250,18.1,23
2016-11-14,Monday   ,910,436.55,5.82,0,0,0,49,37,63,250,250,15,19.9
2016-11-15,Tuesday  ,404,571.69,10.74,2.79,0,0,52,46,54,360,360,29.1,35.1
2016-11-16,Wednesday,951,447.25,9.17,0,0,0,51,41,64,270,260,18.1,25.1
2016-11-17,Thursday ,947,471.56,9.84,0,0,0,55,48,63,320,330,23,28
2016-11-18,Friday   ,878,460.44,4.25,0,0,0,54,44,67,350,330,14.1,16.1
2016-11-19,Saturday ,691,542.02,9.17,0.2,0,0,53,36,61,290,290,28,36
2016-11-20,Sunday   ,323,410.52,21.47,0.23,0,0,42,34,43,260,260,36.9,45
2016-11-21,Monday   ,661,1476.89,21.03,0,0,0,39,37,42,300,280,33.1,46.1
2016-11-22,Tuesday  ,710,417.42,18.12,0,0,0,39,37,44,300,300,32,42.1
2016-11-23,Wednesday,706,7262.74,9.17,0,0,0,40,33,48,320,320,18.1,25.9
2016-11-24,Thursday ,239,2078.62,6.93,0,0,0,43,35,50,360,360,13,16.1
2016-11-25,Friday   ,405,480.67,4.7,0.01,0,0,48,45,55,220,,8.1,
2016-11-26,Saturday ,383,546.57,8.95,0,0,0,48,41,53,330,320,21,28
2016-11-27,Sunday   ,395,559.45,8.72,0,0,0,43,35,52,290,300,21,27.1
2016-11-28,Monday   ,686,491.72,4.92,0,0,0,44,32,54,230,190,13,15
2016-11-29,Tuesday  ,352,663.76,8.05,2.02,0,0,53,49,60,150,140,16.1,23
2016-11-30,Wednesday,505,415.77,6.93,1.07,0,0,56,52,58,20,30,15,19
2016-12-01,Thursday ,745,450.17,13.87,0.11,0,0,52,41,55,280,260,28,38
2016-12-02,Friday   ,720,655.16,14.76,0,0,0,45,38,53,270,270,25.1,31.1
2016-12-03,Saturday ,438,475.02,17,0,0,0,45,41,50,310,300,31.1,36.9
2016-12-04,Sunday   ,403,456.30,9.62,0,0,0,43,39,48,320,300,19.9,25.9
2016-12-05,Monday   ,615,419.35,8.28,0.16,0,0,43,37,50,290,280,21.9,29.1
2016-12-06,Tuesday  ,589,451.92,7.61,0.44,0,0,42,34,46,50,50,18.1,23
2016-12-07,Wednesday,676,549.05,6.93,0.05,0,0,42,37,48,40,40,15,18.1
2016-12-08,Thursday ,673,516.05,10.74,0,0,0,40,33,44,270,260,23.9,31.1
2016-12-09,Friday   ,654,788.06,15.66,0,0,0,35,29,41,290,310,28,36.9
2016-12-10,Saturday ,348,423.45,9.4,0,0,0,31,23,37,290,280,18.1,23.9
2016-12-11,Sunday   ,296,969.00,5.14,0.01,0.3,0,30,25,34,200,200,12.1,15
2016-12-12,Monday   ,527,420.09,8.72,0.5,0,0,38,32,46,260,260,18.1,23
2016-12-13,Tuesday  ,712,468.34,5.59,0,0,0,38,33,44,230,280,13,19.9
2016-12-14,Wednesday,673,460.12,9.62,0,0,0,39,32,44,290,300,21.9,28
2016-12-15,Thursday ,507,435.50,20.58,0,0.1,0,28,18,32,280,290,36,46.1
2016-12-16,Friday   ,511,476.49,11.41,0,0,0,20,16,28,260,270,19.9,25.1
2016-12-17,Saturday ,112,566.03,4.92,0.71,3,2,29,24,36,210,210,16.1,21.9
2016-12-18,Sunday   ,248,512.21,10.51,0.07,0,1.2,42,31,59,300,310,36.9,45
2016-12-19,Monday   ,469,464.17,11.86,0,0,0,29,22,31,340,330,21.9,28
2016-12-20,Tuesday  ,536,379.05,6.49,0,0,0,25,18,34,240,240,13,21
2016-12-21,Wednesday,549,402.79,6.26,0,0,0,32,24,42,240,260,13,17
2016-12-22,Thursday ,581,459.78,9.84,0,0,0,40,32,51,310,290,25.1,33.1
2016-12-23,Friday   ,464,419.56,9.17,0,0,0,42,34,48,310,310,17,21.9
2016-12-24,Saturday ,172,503.86,7.61,0.49,0,0,41,37,46,260,240,16.1,21
2016-12-25,Sunday   ,163,752.21,8.5,0,0,0,43,34,52,340,300,15,21.9
2016-12-26,Monday   ,210,475.51,7.38,0,0,0,35,29,47,230,230,16.1,21
2016-12-27,Tuesday  ,555,656.82,13.65,0.01,0,0,53,40,62,270,270,29.1,38
2016-12-28,Wednesday,461,390.02,8.28,0,0,0,41,31,43,330,330,19.9,25.1
2016-12-29,Thursday ,259,415.77,8.05,0.36,0,0,38,31,45,170,150,18.1,25.1
2016-12-30,Friday   ,365,398.39,14.99,0,0,0,37,32,42,270,270,25.9,33.1
2016-12-31,Saturday ,270,882.88,12.3,0,0,0,35,29,44,200,220,21.9,28
